{
  "results": [
    {
      "command": ".venv/bin/python -c 'print('\"'\"'ok'\"'\"')'",
      "mean": 0.017735795033333335,
      "stddev": 0.003669811404311852,
      "median": 0.016642521700000003,
      "user": 0.01002878,
      "system": 0.008102906666666665,
      "min": 0.014736859700000002,
      "max": 0.0218280037,
      "times": [
        0.016642521700000003,
        0.0218280037,
        0.014736859700000002
      ],
      "exit_codes": [
        0,
        0,
        0
      ]
    }
  ]
}
